,OBJECTID,EMPRESA,NOMBRE,TENSION_NO,ESTACION,POTENCIA_N,NUMERO_TRA,geometry
0,411.0,SEAL,JESUS,33.0,S.E. JESUS,20.0,1.0,POINT (-71.47772802600002 -16.414298700000018)
1,412.0,SEAL,CHALLAPAMPA,33.0,S.E. CHALLAPAMPA,25.0,1.0,POINT (-71.55701797699999 -16.383325418000027)
2,413.0,SEAL,MOLLENDO,33.0,S.E. MOLLENDO,5.0,1.0,POINT (-72.01881913699998 -17.02343507400002)
3,414.0,SEAL,PARQUE INDUSTRIAL,33.0,S.E. PARQUE INDUSTRIAL,40.0,2.0,POINT (-71.54772518499999 -16.418670150000025)
4,415.0,TRANSMANTARO,COTARUSE,220.0,S.E. COTARUSE,0.0,0.0,POINT (-73.30140224600001 -14.532672581999975)
5,416.0,ISA PERU,PUCALLPA,138.0,S.E. PUCALLPA,85.0,2.0,POINT (-74.615614768 -8.400229844000023)
6,417.0,EGENOR,HUALLANCA,138.0,S.E. HUALLANCA EGN,3.0,1.0,POINT (-77.85255504100002 -8.813040527999988)
7,418.0,ABENGOA,KIMAN AYLLU,220.0,S.E. KIMAN AYLLU,118.0,2.0,POINT (-77.87252946699999 -8.775190506000001)
8,419.0,HIDRANDINA,CAJAMARCA,60.0,S.E. CAJAMARCA,25.0,1.0,POINT (-78.50769545499998 -7.17779772199998)
9,420.0,REP,CHICLAYO OESTE,220.0,S.E. CHICLAYO OESTE,265.0,6.0,POINT (-79.86989180799998 -6.7820244399999865)
10,421.0,HIDRANDINA,CARHUAZ,60.0,S.E. CARHUAZ,5.0,1.0,POINT (-77.64780398300002 -9.273956861999977)
11,422.0,REP,CHIMBOTE NORTE,138.0,S.E. CHIMBOTE1,26.0,1.0,POINT (-78.58395900099998 -9.059055949000026)
12,423.0,HIDRANDINA,HUARAZ,60.0,S.E. HUARAZ,20.0,1.0,POINT (-77.53731199999999 -9.511545000000012)
13,424.0,EGENOR,NEPEÑA,138.0,S.E. NEPEÑA,7.0,1.0,POINT (-78.44338796 -9.235051173999977)
14,425.0,MINERA SANTA LUISA,HUALLANCA NUEVA,220.0,S.E. HUALLANCA NUEVA,20.0,1.0,POINT (-76.94180746 -9.901743002999979)
15,426.0,REP,TINGO MARIA,220.0,S.E. TINGO MARIA,100.0,2.0,POINT (-75.992052839 -9.28947182799999)
16,427.0,REP,AUCAYACU,138.0,S.E. AUCAYACU,27.0,2.0,POINT (-76.112955043 -8.937212155999987)
17,428.0,REP,PARAMONGA NUEVA,220.0,S.E. PARAMONGA NUEVA_220,95.0,2.0,POINT (-77.74170429899999 -10.68029866400002)
18,429.0,REP,HUANUCO,138.0,S.E. HUANUCO,53.0,2.0,POINT (-76.23864857500001 -9.937766567999972)
19,430.0,QUIMPAC,PARAMONGA EXISTENTE,138.0,S.E. PARAMONGA EXISTENTE,0.0,0.0,POINT (-77.822477951 -10.670954484999982)
20,431.0,ABENGOA,CONOCOCHA,220.0,S.E. CONOCOCHA,0.0,0.0,POINT (-77.25226890900001 -10.102872244000025)
21,432.0,ABENGOA,CARHUAMAYO-ISA,220.0,S.E. CARHUAMAYO NUEVA,0.0,0.0,POINT (-76.03253595799998 -10.920514376000028)
22,433.0,ETESELVA,AGUAYTIA,220.0,S.E. AGUAYTIA,60.0,1.0,POINT (-75.49346530499997 -9.03076868300002)
23,434.0,ANTAMINA,ANTAMINA,220.0,S.E. ANTAMINA,225.0,3.0,POINT (-77.043743984 -9.56170001800001)
24,435.0,ANTAMINA,VIZCARRA,220.0,S.E. VIZCARRA CMA,0.0,0.0,POINT (-76.93292100000002 -9.894515000000013)
25,436.0,HIDRANDINA,CARAZ,60.0,S.E. CARAZ,6.5,1.0,POINT (-77.80333000000002 -9.062187999999992)
26,437.0,REP,PARAGSHA 2,138.0,S.E. PARAGSHA2,0.0,0.0,POINT (-76.277114256 -10.673234911000009)
27,438.0,ENERSUR,SANTA ISABEL,220.0,S.E. SANTA ISABEL,120.0,1.0,POINT (-75.643900342 -10.722352780999984)
28,439.0,ELECTROANDES,CARHUAMAYO,138.0,S.E. CARHUAMAYO,30.0,1.0,POINT (-76.05719490000001 -10.930101229000002)
29,440.0,CEMENTOS ANDINO,CARIPA,138.0,S.E. CARIPA,0.0,0.0,POINT (-75.889492658 -11.371502678000013)
30,441.0,CEMENTOS ANDINO,CONDORCOCHA,138.0,S.E. CONDORCOCHA,80.0,4.0,POINT (-75.778137689 -11.378577248)
31,442.0,REP,PACHACHACA,220.0,S.E. PACHACHACA_220,0.0,0.0,POINT (-76.06449789599998 -11.632971123000004)
32,443.0,REP,POMACOCHA,220.0,S.E. POMACOCHA_220,50.0,1.0,POINT (-76.13227252000001 -11.733959544000015)
33,444.0,ELECTROANDES,OROYA NUEVA,138.0,S.E. OROYA NUEVA,200.0,2.0,POINT (-75.91766799999999 -11.532436000000018)
34,445.0,REP,CARABAYLLO,220.0,S.E. CARABAYLLO REP,1200.0,2.0,POINT (-76.96293007999998 -11.796945122000011)
35,446.0,EDELNOR,CHILLON,220.0,S.E. CHILLON,240.0,2.0,POINT (-77.11680813999999 -11.931572768000024)
36,447.0,EDEGEL,CAJAMARQUILLA,220.0,S.E. CAJAMARQUILLA,330.0,3.0,POINT (-76.88052131199998 -11.968539138999972)
37,448.0,REP,ZAPALLAL,220.0,S.E. ZAPALLAL,180.0,1.0,POINT (-77.047873015 -11.827422220000017)
38,449.0,LUZ DEL SUR,BALNEARIOS,220.0,S.E. BALNEARIOS,593.0,6.0,POINT (-76.99483462299997 -12.112329858999999)
39,450.0,LUZ DEL SUR,SAN JUAN,60.0,S.E. SAN JUAN,410.0,3.0,POINT (-76.97417900900001 -12.177036046000012)
40,451.0,REP,CHAVARRIA,220.0,S.E. CHAVARRIA,0.0,0.0,POINT (-77.066206282 -11.997688170999993)
41,452.0,TRANSMANTARO,LA PLANICIE,220.0,S.E. PLANICIE,0.0,0.0,POINT (-76.84276229900001 -12.088092999000025)
42,453.0,TRANSMANTARO,CHILCA,500.0,S.E. CHILCA CTM TSM,600.0,1.0,POINT (-76.72547772299998 -12.495830988000023)
43,454.0,REP,HUAYUCACHI,220.0,S.E. HUAYUCACHI_220,80.0,2.0,POINT (-75.22466001200002 -12.13192987399998)
44,455.0,ELECTROPERU,CAMPO ARMIÑO,220.0,C.H. MANTARO,840.0,7.0,POINT (-74.650760693 -12.358279620000019)
45,456.0,ELECTROANDES,COBRIZA 2,60.0,S.E. COBRIZA 2,26.0,1.0,POINT (-74.376336901 -12.589435273999982)
46,457.0,ELECTRO CENTRO,HUANTA,60.0,S.E. HUANTA,12.0,1.0,POINT (-74.24192383100001 -12.936970676999977)
47,458.0,ELECTRO CENTRO,MOLLEPATA,60.0,S.E. MOLLEPATA,0.0,0.0,POINT (-74.22057161200001 -13.118080458999998)
48,459.0,REP,ICA,220.0,S.E. ICA_220,100.0,2.0,POINT (-75.692073091 -14.055220393000013)
49,460.0,EGEMSA,CACHIMAYO,138.0,S.E. CACHIMAYO,66.0,4.0,POINT (-72.07150453700001 -13.475496287999988)
50,461.0,REP,HUANCAVELICA,220.0,S.E. HUANCAVELICA_220,30.0,1.0,POINT (-74.952635751 -12.784604048999995)
51,462.0,REP,DESIERTO,220.0,S.E. DESIERTO,50.0,2.0,POINT (-76.177097866 -13.26578142400001)
52,463.0,REP,INDEPENDENCIA,220.0,S.E. INDEPENDENCIA_220,100.0,2.0,POINT (-75.96808217099999 -13.716607271999976)
53,464.0,ACEROS AREQUIPA,ACEROS AREQUIPA,220.0,S.E. ACEROS AREQUIPA,246.0,5.0,POINT (-76.16699208699998 -13.785008635999986)
54,465.0,EDE CAÑETE,CANTERA,220.0,S.E. CANTERA,25.0,1.0,POINT (-76.30253985000002 -13.061177014999998)
55,466.0,REP,SAN NICOLAS,60.0,S.E. SAN NICOLAS,112.5,3.0,POINT (-75.24676235300001 -15.255471981000028)
56,467.0,ELECTRO SUR ESTE,SAN GABAN,138.0,S.E. SAN GABAN,0.0,0.0,POINT (-70.46057330100001 -13.64581726199998)
57,468.0,ELECTRO SUR ESTE,PTO MALDONADO,138.0,S.E. PUERTO MALDONADO,35.0,1.0,POINT (-69.22217124600002 -12.588704010000015)
58,469.0,REP,QUENCORO,138.0,S.E. QUENCORO,52.0,4.0,POINT (-71.90649167499998 -13.54635672400002)
59,470.0,ELECTRO SUR ESTE,MAZUCO,138.0,S.E. MAZUKO,12.0,1.0,POINT (-70.36276467900001 -13.095532774999981)
60,471.0,SAN GABAN,SAN RAFAEL,138.0,S.E. SAN RAFAEL,24.0,1.0,POINT (-70.32142732400001 -14.230935090000003)
61,472.0,EGEMSA,MACHU PICCHU,138.0,S.E. MACHUPICCHU,25.0,1.0,POINT (-72.560973477 -13.175252806000003)
62,473.0,REP,JULIACA,138.0,S.E. JULIACA,72.0,3.0,POINT (-70.11983635000001 -15.508861876000026)
63,474.0,REP,PUNO,220.0,S.E. PUNO,185.0,3.0,POINT (-70.05166267700002 -15.832163907999984)
64,475.0,SAN GABAN,AZANGARO,138.0,S.E. AZANGARO,59.5,2.0,POINT (-70.20555979900001 -14.914358526000001)
65,476.0,EGESUR,ARICOTA 2,138.0,C.H. ARICOTA2,30.0,1.0,POINT (-70.39854244399999 -17.421177192000016)
66,477.0,TACNA SOLAR,TACNA SOLAR,60.0,S.E. SOLAR TACNA,20.0,1.0,POINT (-70.33367359900001 -17.994533191000016)
67,478.0,ELECTROSUR,LOS HEROES,220.0,S.E. HEROES ELS,0.0,0.0,POINT (-70.317044485 -17.999181545)
68,479.0,ENERSUR,ILO 1,138.0,S.E. ILO1,486.0,6.0,POINT (-71.36010850100001 -17.501688554999987)
69,480.0,ENERSUR,MOQUEGUA,220.0,S.E. MOQUEGUA,600.0,2.0,POINT (-70.96697249800002 -17.215449330000013)
70,481.0,REP,TOQUEPALA,138.0,S.E. TOQUEPALA_,0.0,0.0,POINT (-70.62478707399998 -17.26775842699999)
71,482.0,SOUTHERN,BOTIFLACA,138.0,S.E. BOTIFLACA,116.0,2.0,POINT (-70.76730759899999 -17.06157374899999)
72,483.0,ENERSUR,MILL SITE,138.0,S.E. MILLSITE,99.0,3.0,POINT (-70.624835915 -17.26882096899999)
73,484.0,ENERSUR,ILO 2,220.0,S.E. ILO2,338.0,2.0,POINT (-71.187544 -17.775569001000008)
74,485.0,REP,SOCABAYA,138.0,S.E. SOCABAYA,120.0,2.0,POINT (-71.51633625400001 -16.473409301999993)
75,486.0,SEAL,MAJES,138.0,S.E. MAJES,25.0,1.0,POINT (-72.168835231 -16.371991552999987)
76,487.0,REP,CERRO VERDE,220.0,S.E. CERRO VERDE,0.0,0.0,POINT (-71.59040186700003 -16.51753381499998)
77,488.0,REP,REPARTICION,138.0,S.E. REPARTICION,20.0,1.0,POINT (-71.79202845399999 -16.531938334000017)
78,489.0,CENTRO SOLAR MAJES,SAN CAMILO,138.0,S.E. SAN CAMILO,0.0,1.0,POINT (-71.81974895399998 -16.568489595000017)
79,490.0,REP,MARCONA,220.0,S.E. MARCONA,150.0,2.0,POINT (-75.17703739799998 -15.204646797999999)
80,491.0,ELECTRODUNAS,NASCA,60.0,S.E. NASCA,15.0,1.0,POINT (-74.95274393400001 -14.848063396999976)
81,492.0,REP,COMBAPATA,138.0,S.E. COMBAPATA,15.0,1.0,POINT (-71.43450924000001 -14.100577213999998)
82,493.0,SEAL,CAMANA,138.0,S.E. CAMANA,12.05,1.0,POINT (-72.68752499300001 -16.61092956599998)
83,494.0,REP,AYAVIRI,138.0,S.E. AYAVIRI,11.5,1.0,POINT (-70.586492378 -14.902907818000017)
84,495.0,REP,CALLALLI,138.0,S.E. CALLALLI,30.0,1.0,POINT (-71.40666588900001 -15.53599581100002)
85,496.0,REP,SANTUARIO,138.0,S.E. SANTUARIO,0.0,0.0,POINT (-71.44506292699998 -16.262179688999993)
86,497.0,ELECTRODUNAS,PUQUIO,60.0,S.E. PUQUIO,9.0,1.0,POINT (-74.11514906000002 -14.686876917999996)
87,498.0,REP,TINTAYA,138.0,S.E. TINTAYA,120.0,4.0,POINT (-71.31382757199998 -14.882593498000006)
88,499.0,REP,TRUJILLO NORTE,220.0,S.E. TRUJILLO NORTE,345.0,5.0,POINT (-79.05539520299999 -8.045222409000019)
89,500.0,REP,TOCACHE,138.0,S.E. TOCACHE,14.0,2.0,POINT (-76.509306407 -8.185172684999998)
90,501.0,HIDRANDINA,TRUJILLO SUR,138.0,S.E. TRUJILLO SUR,150.0,3.0,POINT (-79.01710385400003 -8.124475315999973)
91,502.0,REP,TRUJILLO NOROESTE,138.0,S.E. TRUJILLO NORTE_138,60.0,1.0,POINT (-79.05450782000003 -8.091141429999993)
92,503.0,HIDRANDINA,GALLITO CIEGO,60.0,S.E. GALLITO CIEGO,0.0,0.0,POINT (-79.21303188299999 -7.238435810999988)
93,504.0,REP,GUADALUPE,220.0,S.E. GUADALUPE,110.0,3.0,POINT (-79.45810214300002 -7.305374323000024)
94,505.0,ABENGOA,CAJAMARCA NORTE,220.0,S.E. CAJAMARCA NORTE,150.0,2.0,POINT (-78.603042496 -7.058439995000015)
95,506.0,CEMENTO PACASMAYO,CEMENTOS PACASMAYO,60.0,S.E. PACASMAYO,92.5,3.0,POINT (-79.553333656 -7.408870035000007)
96,507.0,ELECTRONORTE,CUTERVO,138.0,S.E. CUTERVO,10.0,1.0,POINT (-78.81206653999999 -6.401087753000013)
97,508.0,ELECTRONORTE,CARHUAQUERO,138.0,S.E. CARHUAQUERO ELN,35.0,1.0,POINT (-79.24730941399997 -6.6057015690000185)
98,509.0,ELECTRONORTE,NUEVA JAEN,138.0,S.E. NUEVA JAEN,20.0,1.0,POINT (-78.80640249599998 -5.685444815999972)
99,510.0,TRANSMANTARO,LA NIÑA,500.0,S.E. NINA,672.0,1.0,POINT (-80.53122352999998 -5.927279424000005)
100,511.0,REP,PIURA OESTE,220.0,S.E. PIURA OESTE,200.0,3.0,POINT (-80.69914806499997 -5.1691769189999945)
101,512.0,EGENOR,PAITA,60.0,PAITA,37.0,12.0,POINT (-81.10138016799999 -5.086278827000001)
102,513.0,REP,ZORRITOS,220.0,S.E. ZORRITOS,65.0,1.0,POINT (-80.60392585199997 -3.645864388000007)
103,514.0,REP,MACHALA,220.0,S.E. MACHALA,0.0,3.0,POINT (-79.932574881 -3.269308572)
104,515.0,ELECTROSUR,PARQUE INDUSTRIAL,60.0,S.E. PARQUE INDUSTRIAL,20.0,1.0,POINT (-70.23200113000001 -17.99061299599998)
105,516.0,LUZ DEL SUR,SALAMANCA,60.0,S.E. SALAMANCA,90.0,2.0,POINT (-76.99057014200002 -12.076572241000008)
106,517.0,ELECTRO NOR OESTE,SULLANA,60.0,S.E. SULLANA,65.0,2.0,POINT (-80.67788932399998 -4.913867132999997)
107,518.0,ELECTRO NOR OESTE,PIURA CENTRO,60.0,S.E. PIURA CENTRO,74.0,1.0,POINT (-80.63592217399997 -5.183075789999975)
108,519.0,REP,CHIMBOTE SUR,138.0,S.E. CHIMBOTE2,31.0,1.0,POINT (-78.51394474 -9.105087292000007)
109,520.0,REP,HUACHO,220.0,S.E. HUACHO_220,80.0,2.0,POINT (-77.51587928200001 -11.114304737999987)
110,521.0,EGESUR,ARICOTA I,60.0,C.H. ARICOTA1,28.2,1.0,POINT (-70.355958563 -17.398939465000012)
111,522.0,ELECTRODUNAS,ALTO LA LUNA,60.0,S.E. ALTO LUNA,37.0,1.0,POINT (-76.19412328300001 -13.712244374000022)
112,523.0,ELECTRODUNAS,PARACAS,60.0,S.E. PARACAS,37.5,1.0,POINT (-76.24201187 -13.806048465000003)
113,524.0,ELECTROANDES,PARAGSHA 1,138.0,S.E. PARAGSHA1,44.0,1.0,POINT (-76.26395273499998 -10.674100113000009)
114,525.0,ELECTRO CENTRO,SALENIANOS,60.0,S.E. SALESIANOS,25.0,2.0,POINT (-75.21744955600002 -12.069007253999985)
115,526.0,ELECTRO CENTRO,PARQUE INDUSTRIAL,60.0,S.E. PARQUE INDUSTRIAL,22.0,2.0,POINT (-75.23152375900003 -12.046585529000026)
116,527.0,EGEMSA,DOLORESPATA,138.0,S.E. DOLORES PATA,36.6,3.0,POINT (-71.971382 -13.53017699999998)
117,528.0,REP,CHIMBOTE 1,220.0,S.E. CHIMBOTE1,240.0,2.0,POINT (-78.55674359300002 -9.01077974399999)
118,529.0,CONENHUA,UCHUCHACUA,138.0,S.E. UCHUCCHACUA,58.0,3.0,POINT (-76.68818723499999 -10.617951188000006)
119,530.0,PANAMERICANA SOLAR,PANAMERICANA SOLAR,138.0,S.E. PANAMERICANA,36.0,1.0,POINT (-71.03167969499998 -17.54726543800001)
120,531.0,ELECTRONORTE,CHICLAYO NORTE,60.0,S.E. CHICLAYO OESTE,65.0,3.0,POINT (-79.833842661 -6.7637191239999765)
121,532.0,ELECTRO NOR OESTE,EL ARENAL,60.0,S.E. EL ARENAL,10.0,1.0,POINT (-81.03041091799997 -4.89013587300002)
122,533.0,ELECTROANDES,EXELSIOR,60.0,S.E. EXCELSIOR,0.0,0.0,POINT (-76.26839751099999 -10.683389810999984)
123,534.0,ELECTROANDES,COBRIZA 1,220.0,S.E. COBRIZA 1,50.0,1.0,POINT (-74.65071369999998 -12.359850396000013)
124,535.0,EDELNOR,VENTANILLA,220.0,S.E. VENTANILLA,50.0,2.0,POINT (-77.11835428900002 -11.937073279999993)
125,536.0,REP,CALLAHUANCA,220.0,S.E. CALLAHUANCA,0.0,0.0,POINT (-76.62409589999999 -11.840338551999992)
126,537.0,EDEGEL,CALLAHUANCA EDG,220.0,S.E. CALLAHUANCA,180.45000000000002,5.0,POINT (-76.62607339499999 -11.837807606000013)
127,538.0,REP,SANTA ROSA,220.0,S.E. SANTA ROSA,600.0,5.0,POINT (-77.01127215499997 -12.039023251000003)
128,539.0,EDEGEL,MOYOPAMPA,60.0,S.E. MOYOPAMPA,90.0,3.0,POINT (-76.68951446199998 -11.928119810999988)
129,540.0,EDEGEL,HUAMPANI,60.0,S.E. HUAMPANI,0.0,0.0,POINT (-76.77525950400002 -11.972494700000027)
130,541.0,ABENGOA ATS,POROMA,500.0,S.E. POROMA,450.0,3.0,POINT (-75.05285617700002 -15.046984488000021)
131,542.0,REP,MOLLENDO,138.0,S.E. MOLLENDO,25.0,1.0,POINT (-71.995903983 -17.02535614300001)
132,543.0,REP,TALARA,220.0,S.E. TALARA,0.0,1.0,POINT (-81.264398486 -4.536428820000026)
133,544.0,ELECTROANDES,PARAGSHA,220.0,S.E. PARAGSHA,0.0,0.0,POINT (-76.277764042 -10.672573434000014)
134,545.0,ABENGOA ATS,OCOÑA,500.0,S.E. OCONA,0.0,0.0,POINT (-73.033774596 -16.44356822200001)
135,546.0,TRANSMANTARO,CHIMBOTE NUEVA,500.0,S.E. CHIMBOTE NUEVA,750.0,1.0,POINT (-78.55824628200003 -9.008694462999983)
136,547.0,TRANSMANTARO,TRUJILLO NUEVA,500.0,S.E. TRUJILLO NUEVA,750.0,1.0,POINT (-79.02212236899999 -8.048416007000014)
137,548.0,CAHUA,CAHUA,138.0,S.E. CAHUA,0.0,0.0,POINT (-77.31353471 -10.573827387999984)
138,549.0,EDEGEL,CHIMAY,220.0,S.E. CHIMAY,168.0,1.0,POINT (-75.30387116499998 -11.302912290999984)
139,550.0,EGASA,CONVERTIDOR,138.0,S.E. CONVERTIDOR,60.0,1.0,POINT (-71.53324927199998 -16.382091822000007)
140,551.0,XSTRATA,ANTAPACCAY,220.0,S.E. ANTAPACCAY,125.0,1.0,POINT (-71.37885903699998 -14.950764334999974)
141,552.0,EDELNOR,HUARAL,60.0,S.E. HUARAL,42.0,2.0,POINT (-77.19697400000001 -11.493561)
142,553.0,EDELNOR,CHANCAY,60.0,S.E. CHANCAY,34.0,2.0,POINT (-77.26031899999998 -11.582577000000015)
143,554.0,EDELNOR,ZAPALLAL,60.0,S.E. ZAPALLAL,25.0,1.0,POINT (-77.11112700000001 -11.836927000000003)
144,555.0,EDELNOR,VENTANILLA,60.0,S.E. VENTANILLA,25.0,1.0,POINT (-77.128375 -11.868790999999987)
145,556.0,QUIMPAC,OQUENDO,60.0,S.E. OQUENDO,0.0,0.0,POINT (-77.12549899999999 -11.974824000000012)
146,557.0,EDELNOR,INFANTAS,60.0,S.E. INFANTAS,85.0,2.0,POINT (-77.06582200000003 -11.945655999999985)
147,558.0,EDELNOR,BARSI,60.0,S.E. BARSI,400.0,5.0,POINT (-77.10446498099998 -12.048331609000002)
148,559.0,EDELNOR,MARANGA,60.0,S.E. MARANGA,50.0,2.0,POINT (-77.097622 -12.069431000000009)
149,560.0,EDELNOR,MIRONES,60.0,S.E. MIRONES,75.0,3.0,POINT (-77.06517300000002 -12.043714000000023)
150,561.0,EDELNOR,PERSHING,60.0,S.E. PERSHING,65.0,2.0,POINT (-77.05582800000002 -12.089227999999991)
151,562.0,LUZ DEL SUR,NEYRA,60.0,S.E. NEYRA,115.0,3.0,POINT (-77.02481371200003 -12.113670617000025)
152,563.0,LUZ DEL SUR,SAN ISIDRO,60.0,S.E. SAN ISIDRO,40.0,1.0,POINT (-77.039065 -12.095345000000009)
153,564.0,LUZ DEL SUR,LIMATAMBO,60.0,S.E. LIMATAMBO,105.0,3.0,POINT (-77.016118 -12.086908999999991)
154,565.0,LUZ DEL SUR,MONTERRICO,60.0,S.E. MONTERRICO,50.0,1.0,POINT (-76.97387600000002 -12.088273000000015)
155,566.0,LUZ DEL SUR,VILLA MARIA,60.0,S.E. VILLA MARIA DEL TRIUNFO,75.0,3.0,POINT (-76.96172100000001 -12.155601999999988)
156,567.0,CEMENTOS LIMA,ATOCONGO,60.0,S.E. ATOCONGO,100.0,4.0,POINT (-76.90658300000001 -12.195058000000017)
157,568.0,LUZ DEL SUR,VILLA EL SALVADOR,60.0,S.E. VILLA EL SALVADOR,50.0,2.0,POINT (-76.94683309599998 -12.201463694999973)
158,569.0,EDELNOR,TACNA,60.0,S.E. TACNA,90.0,3.0,POINT (-77.03390100000001 -12.043863999999985)
159,570.0,LUZ DEL SUR,HUACHIPA,60.0,S.E. HUACHIPA,90.0,2.0,POINT (-76.91843699999998 -12.003464000000008)
160,571.0,LUZ DEL SUR,SANTA ANITA,60.0,S.E. SANTA ANITA,65.0,2.0,POINT (-76.948805161 -12.035239857000022)
161,572.0,LUZ DEL SUR,PUENTE,60.0,S.E. PUENTE,100.0,3.0,POINT (-76.968412 -12.055768)
162,573.0,CONENHUA,ARES,60.0,S.E. ARES,0.0,0.0,POINT (-72.16857299999998 -15.03571599999998)
163,574.0,EDELNOR,SANTA ROSA VIEJA,60.0,S.E. SANTA ROSA VIEJA,100.0,4.0,POINT (-77.01089382100002 -12.041728697999986)
164,575.0,ABENGOA,FRANCOISE,220.0,S.E. FRANCOISE,60.0,1.0,POINT (-76.361578425 -10.995037447000016)
165,576.0,CEMENTOS ANDINO,CARCAPATA I,60.0,S.E. CARCAPATA 1,2.3,1.0,POINT (-75.55714999999998 -11.268736999999987)
166,577.0,EDEGEL,YANANGO,220.0,S.E. YANANGO,50.0,1.0,POINT (-75.47693299999997 -11.194905000000006)
167,578.0,HIDROELECTRICA SANTA CRUZ,SANTA CRUZ II,60.0,S.E. SANTA CRUZ 2,8.0,1.0,POINT (-77.82892029200002 -8.924729908000018)
168,579.0,HIDROELECTRICA SANTA CRUZ,SANTA CRUZ I,60.0,S.E. SANTA CRUZ 1,16.0,2.0,POINT (-77.84504716599997 -8.921049778999986)
169,580.0,FENIX POWERS,FENIX,500.0,S.E. FENIX,635.0,3.0,POINT (-76.73436952399999 -12.542884467000022)
170,581.0,REP,OLLEROS,500.0,S.E. OLLEROS,230.0,1.0,POINT (-76.71614229199997 -12.495045732999984)
171,582.0,ENERSUR,CHILCA 1,220.0,S.E. CHILCA CTM,956.0,4.0,POINT (-76.72773513200002 -12.503439719000028)
172,583.0,,LOMERA,220.0,S.E. LOMERA,50.0,1.0,POINT (-77.27468671899999 -11.433394410000005)
173,584.0,ENERGIA EOLICA,CUPISNIQUE,220.0,S.E. CUPISNIQUE,150.0,2.0,POINT (-79.43841834400001 -7.556851043999984)
174,585.0,EDEGEL,MATUCANA,220.0,S.E. MATUCANA,160.0,1.0,POINT (-76.45637299999999 -11.885739999999998)
175,586.0,SHOUGESA,MINA SHOUGANG,60.0,S.E. MINA SHOUGANG,25.0,1.0,POINT (-75.156514846 -15.228266808)
176,587.0,EDELNOR,SUPE,60.0,S.E. SUPE,42.0,2.0,POINT (-77.74084826199999 -10.794671853000011)
177,588.0,MAPLE,MAPLE ETANOL,60.0,S.E. PLANTA ETANOL,40.0,1.0,POINT (-80.715410889 -5.165271887000017)
178,589.0,PARQUE EOLICO MARCONA,TRES HERMANAS,220.0,S.E. TRES HERMANAS,144.0,2.0,POINT (-75.10258792899998 -15.388099098999987)
179,590.0,CERRO VERDE,CERRO VERDE,138.0,S.E. CERRO VERDE,0.0,0.0,POINT (-71.59067412299999 -16.518519516000026)
180,591.0,CERRO VERDE,HIDROMETALURGIA,138.0,S.E. HIDROMETALURGICA,91.60000000000001,3.0,POINT (-71.588278296 -16.520483134000017)
181,592.0,ELECTRICA RIO DOBLE,ESPINA COLORADA,138.0,S.E. ESPINA COLORADA,0.0,0.0,POINT (-79.07260409100002 -6.529286019999972)
182,593.0,ELECTROANDES,SAN MATEO,60.0,S.E. SAN MATEO,1.5,1.0,POINT (-76.29111468000002 -11.748733571999992)
183,594.0,LUZ DEL SUR,CHOSICA,60.0,S.E. CHOSICA,24.2,2.0,POINT (-76.68818599999997 -11.929626999999982)
184,595.0,LUZ DEL SUR,SANTA CLARA,60.0,S.E. SANTA CLARA,42.0,2.0,POINT (-76.884996 -12.01598899999999)
185,596.0,LUZ DEL SUR,ÑAÑA,60.0,S.E. NANA,25.0,1.0,POINT (-76.82052099100002 -11.989768158999993)
186,597.0,ELECTRODUNAS,SANTA MARGARITA,60.0,S.E. SANTA MARGARITA,49.0,3.0,POINT (-75.703576779 -14.194748138000023)
187,598.0,ELECTRODUNAS,TACAMA,60.0,S.E. TACAMA,13.0,1.0,POINT (-75.72316999999998 -13.999420999999984)
188,599.0,ELECTRODUNAS,ICA NORTE,60.0,S.E. ICA NORTE,30.0,2.0,POINT (-75.749408458 -14.047238106999998)
189,600.0,ELECTRODUNAS,LUREN,60.0,S.E. LUREN,15.0,1.0,POINT (-75.71756448600001 -14.090311062000012)
190,601.0,ELECTRODUNAS,EL CARMEN,60.0,S.E. EL CARMEN,8.4,1.0,POINT (-76.10580078700002 -13.504727779999996)
191,602.0,ELECTRODUNAS,PEDREGAL,60.0,S.E. PEDREGAL,31.25,1.0,POINT (-76.13801000000001 -13.45058499999999)
192,603.0,ELECTRODUNAS,PUEBLO NUEVO,60.0,S.E. PUEBLO NUEVO,31.75,2.0,POINT (-76.12686200000002 -13.396378000000027)
193,604.0,HIDRANDINA,CHIMPOTE 2,138.0,S.E. CHIMBOTE2,120.0,2.0,POINT (-78.60063000000002 -9.063384999999982)
194,605.0,TRANSMANTARO,SOCABAYA,220.0,S.E. SOCABAYA,300.0,2.0,POINT (-71.51742280500002 -16.475451394999993)
195,606.0,SEAL,SOCABAYA,33.0,S.E. SOCABAYA1,25.0,1.0,POINT (-71.51759499999997 -16.474259000000018)
196,607.0,REDESUR,SOCABAYA,220.0,S.E. SOCABAYA,0.0,0.0,POINT (-71.51634699099998 -16.474864140000022)
197,608.0,ELECTROSUR,ILO,138.0,S.E. ILO,50.0,2.0,POINT (-71.309748738 -17.62908581800002)
198,609.0,SN POWER,YAUPI,138.0,S.E. YAUPI,125.0,2.0,POINT (-75.53570444500002 -10.739732468)
199,610.0,CONENHUA,INGENIO,60.0,S.E. INGENIO,13.0,1.0,POINT (-74.852045869 -12.972136058999979)
200,611.0,ELECTRONORESTE,TABLAZO,60.0,S.E. TABLAZO,0.0,0.0,POINT (-81.06169760199998 -5.0651157940000076)
201,612.0,SEAL,PAUCARPATA,33.0,S.E. PAUCARPATA,10.0,1.0,POINT (-71.519363 -16.435828000000015)
202,613.0,SEAL,REAL PLAZA,33.0,S.E. REAL PLAZA,10.0,1.0,POINT (-71.54958598299999 -16.38984842399998)
203,614.0,SEAL,SAN LAZARO,33.0,S.E. SAN LAZARO,20.0,1.0,POINT (-71.536631 -16.393107999999984)
204,615.0,ELECTRO ORIENTE,PONGO,60.0,S.E. PONGO,12.0,1.0,POINT (-76.27950231199998 -6.306846646999986)
205,616.0,ENERGIA EOLICA S.A,CAMPANA,220.0,S.E. CAMPANA,32.0,1.0,POINT (-81.180132319 -4.5888414890000035)
206,617.0,SEAL,SAN LUIS,33.0,S.E. SAN LUIS,10.0,1.0,POINT (-71.50170500000002 -16.368615999999975)
207,618.0,SEAL,CONO NORTE,33.0,S.E. CONO NORTE,10.0,1.0,POINT (-71.59422945300003 -16.347198777000017)
208,619.0,ELECTROSUR,SET PUQUINA,33.0,S.E. SET PUQUINA,2.0,1.0,POINT (-71.18486200000001 -16.630522999999982)
209,620.0,SEAL,MEJIA,33.0,S.E. MEJIA,1.0,1.0,POINT (-71.89614145799999 -17.09464744600001)
210,621.0,SEAL,LA CURVA,33.0,S.E. LA CURVA,4.0,1.0,POINT (-71.82076048599998 -17.145766190000018)
211,622.0,SEAL,MATARANI,33.0,S.E. MATARANI,6.0,1.0,POINT (-72.08936699999998 -17.00220200000001)
212,623.0,SEAL,COCACHACRA,33.0,S.E. COCACHACRA,2.0,1.0,POINT (-71.75516752200002 -17.08836104599999)
213,624.0,SEAL,CHUCARAPI,33.0,S.E. CHUCARAPI,2.0,1.0,POINT (-71.722458061 -17.072284679000006)
214,625.0,SEAL,ALTO AGUA LIMA,33.0,S.E. ALTO AGUA LIMA,6.0,1.0,POINT (-72.05619300000001 -17.009191999999985)
215,626.0,ELECTRO ORIENTE,YURIMAGUAS,33.0,S.E. YURIMAGUAS,7.0,1.0,POINT (-76.12359700000002 -5.913213999999982)
216,627.0,SEAL,PORONGOCHE,33.0,S.E. PORONGOCHE,20.0,1.0,POINT (-71.51300372700001 -16.416867061999994)
217,628.0,ELECTROCENTRO,SAN FRANCISCO,60.0,S.E. SAN FRANCISCO,4.0,1.0,POINT (-73.78853515700001 -12.631181824999999)
218,629.0,ELECTROCENTRO,PUERTO BERMUDEZ,60.0,S.E. PUERTO BERMUDEZ,7.0,1.0,POINT (-74.99955945300002 -10.212198383999976)
219,630.0,ELECTROCENTRO,PICHANAKI,60.0,S.E. PICHANAKI,9.0,1.0,POINT (-74.85854799999998 -10.942993999999999)
220,631.0,ELECTROCENTRO,DELFIN,33.0,S.E. DELFIN,2.0,1.0,POINT (-75.550005 -10.143033000000003)
221,632.0,SEAL,CHUQUIBAMBA,60.0,S.E. CHUQUIBAMBA,4.0,1.0,POINT (-72.64729715700003 -15.843787033000012)
222,633.0,ELECTROCENTRO,VILLA RICA,60.0,S.E. VILLA RICA,15.0,1.0,POINT (-75.27741700000001 -10.734984999999995)
223,634.0,ELECTROCENTRO,SATIPO,60.0,S.E. SATIPO,9.0,1.0,POINT (-74.60799700000001 -11.216721000000007)
224,635.0,ELECTRO PUNO,ANANEA,60.0,S.E. ANANEA,7.0,1.0,POINT (-69.543092 -14.683795999999973)
225,636.0,ELECTRO UCAYALI,YARINACOCHA,60.0,S.E. YARINACOCHA,28.0,2.0,POINT (-74.58217605099998 -8.352911776999974)
226,637.0,MINERA AURIFERA RETAMAS,LLACUABAMBA,138.0,S.E. LLACUABAMBA,15.0,1.0,POINT (-77.44862596500002 -8.036764828999992)
227,638.0,HIDRANDINA,HUARI,60.0,S.E. HUARI,9.0,1.0,POINT (-77.18103000000002 -9.346915000000024)
228,639.0,HIDRANDINA,LA PAMPA,60.0,S.E. LA PAMPA,4.0,1.0,POINT (-77.908863 -8.657227999999975)
229,640.0,HIDRANDINA,SIHUAS,138.0,S.E. SIHUAS,8.0,1.0,POINT (-77.634224975 -8.55950883600002)
230,641.0,HIDRANDINA,POMABAMBA,60.0,S.E. POMABAMBA,6.0,1.0,POINT (-77.470677045 -8.809002825999983)
231,642.0,HIDRANDINA,CASMA,138.0,S.E. CASMA,25.0,2.0,POINT (-78.32021899699998 -9.463306588000023)
232,643.0,MINERA PIERINA,PIERINA,138.0,S.E. PIERINA,7.2,1.0,POINT (-77.582652 -9.472908000000018)
233,644.0,HIDRANDINA,SAN JACINTO,138.0,S.E. SAN JACINTO,7.0,1.0,POINT (-78.294578 -9.151871000000028)
234,645.0,HIDRANDINA,HUARMEY,60.0,S.E. HUARMEY,13.0,1.0,POINT (-78.15803654199999 -10.06751768700002)
235,646.0,ELECTROCENTRO,OXAPAMPA,138.0,S.E. OXAPAMPA,40.0,2.0,POINT (-75.403733983 -10.581226990999994)
236,647.0,HIDRANDINA,TICAPAMPA,60.0,S.E. TICAPAMPA,9.0,1.0,POINT (-77.44888700000001 -9.752153000000021)
237,648.0,SN POWER,GOYLLARIQUIZGA,60.0,S.E. GOYLLARIQUIZGA,3.0,1.0,POINT (-76.36711000000003 -10.485697000000016)
238,649.0,ELECTROCENTRO,CHANCHAMAYO,60.0,S.E. CHANCHAMAYO,1.0,1.0,POINT (-75.32787300000001 -11.081444999999974)
239,650.0,ELECTROCENTRO,NINATAMBO,60.0,S.E. NINATAMBO,10.0,1.0,POINT (-75.687018959 -11.40197800499999)
240,651.0,EDELNOR,HUALMAY,60.0,S.E. HUALMAY,50.0,2.0,POINT (-77.60845471099998 -11.096923157999981)
241,652.0,ADINELSA,ANDAHUASI,60.0,S.E. ANDAHUASI,7.0,1.0,POINT (-77.245590886 -11.133848410999974)
242,653.0,ELECTROCENTRO,JAUJA,60.0,S.E. JAUJA,7.0,1.0,POINT (-75.48278699999997 -11.795347995999975)
243,654.0,SN POWER,CHUMPE,60.0,S.E. CHUMPE,12.75,2.0,POINT (-75.69722452000002 -12.293859725999994)
244,655.0,ELECTROCENTRO,AYACUCHO,60.0,S.E. AYACUCHO,0.0,0.0,POINT (-74.220865 -13.152778000000012)
245,656.0,CALLALLI,CAYLLOMA,60.0,S.E. CAYLLOMA,0.0,0.0,POINT (-71.80347 -15.213006000000007)
246,657.0,ELECTRO SUR ESTE,PISAC,60.0,S.E. PISAC,1.0,1.0,POINT (-71.85997400000002 -13.422123999999997)
247,658.0,ELECTRO SUR ESTE,ABANCAY,138.0,S.E. ABANCAY,40.0,1.0,POINT (-72.8781404 -13.62052920299999)
248,659.0,ELECTRO DUNAS,CAÑETE,60.0,S.E. CAÑETE,25.0,1.0,POINT (-76.36567400000001 -13.074550999999985)
249,660.0,CONENHUA,CAUDALOSA,60.0,S.E. CAUDALOSA,13.0,1.0,POINT (-75.19627999400001 -13.200975975000006)
250,661.0,ELECTROCENTRO,CANGALLO,60.0,S.E. CANGALLO,0.0,0.0,POINT (-74.143221014 -13.621102993000022)
251,662.0,ARASI,ARASI,33.0,S.E. ARASI,5.0,1.0,POINT (-70.85716000000002 -15.241417000000013)
252,663.0,ELECTRO SUR ESTE,SANTA MARIA,60.0,S.E. SANTA MARIA,0.0,0.0,POINT (-72.643798 -12.996983)
253,664.0,ELECTRO SUR ESTE,CHAHUARES,60.0,S.E. CHAHUARES,7.0,1.0,POINT (-72.52852970999999 -12.652981484000009)
254,665.0,ELECTRO PUNO,ILAVE,60.0,S.E. ILAVE,7.0,1.0,POINT (-69.63113193599997 -16.09748932299999)
255,666.0,ELECTRO PUNO,POMATA,60.0,S.E. POMATA,7.0,1.0,POINT (-69.29587998 -16.267889079999975)
256,667.0,ELECTROSUR,ALTO TOQUEPALA,33.0,S.E. ALTO TOQUEPALA,0.8,1.0,POINT (-69.89935557799998 -17.618753002000005)
257,668.0,ELECTROSUR,CASERIO ARICOTA,33.0,S.E. CASERIO ARICOTA,0.64,1.0,POINT (-70.24490781399999 -17.336157518999983)
258,669.0,ELECTROSUR,EL AYRO,33.0,S.E. EL AYRO,0.25,1.0,POINT (-69.62637184200003 -17.577906429999985)
259,670.0,ELECTROSUR,TARATA,33.0,S.E. TARATA,0.8,1.0,POINT (-70.02942628300002 -17.474351865000017)
260,671.0,ELECTROSUR,CHALLAGUAYA,33.0,S.E. CHALLAGUAYA,0.32,1.0,POINT (-70.12139881399997 -17.401223759999993)
261,672.0,ELECTROSUR,LA YARADA,60.0,S.E. LA YARADA,7.0,2.0,POINT (-70.46778853199999 -18.174338229)
262,673.0,ELECTROSUR,TOMASIRI,60.0,S.E. TOMASIRI,3.0,1.0,POINT (-70.54389893500002 -17.847129247999987)
263,674.0,CERRO VERDE,SULFUROS,220.0,S.E. SULFUROS,150.0,3.0,POINT (-71.594114564 -16.516594924000003)
264,675.0,ADINELSA,CORACORA,60.0,S.E. CORA CORA,7.0,1.0,POINT (-73.78443193700002 -15.011720763000028)
265,676.0,CALLALLI,ARCATA,60.0,S.E. ARCATA,0.0,0.0,POINT (-71.92669999999998 -15.10469999999998)
266,677.0,ELECTRO SUR ESTE,ANDAHUAYLAS,60.0,S.E. ANDAHUAYLAS,10.0,1.0,POINT (-73.378175349 -13.650192354000012)
267,678.0,ELECTRODUNAS,PALPA,60.0,S.E. PALPA,9.0,1.0,POINT (-75.20814557 -14.581089695999992)
268,679.0,SEAL,C.S. MAJES,138.0,S.E. C.S. MAJES,20.0,1.0,POINT (-72.37197531300001 -16.470616011000004)
269,680.0,SEAL,BELLA UNION,60.0,S.E. BELLA UNION,18.0,1.0,POINT (-74.66579833600002 -15.455654767999988)
270,681.0,ELECTRO SUR ESTE,SICUANI,60.0,S.E. SICUANI,7.0,1.0,POINT (-71.229565046 -14.252574626000012)
271,682.0,ELECTRO SUR ESTE,CHACAPUENTE,60.0,S.E. CHACAPUENTE,7.0,1.0,POINT (-73.30680614800002 -14.150010606000023)
272,683.0,HIDRANDINA,PORVENIR,138.0,S.E. PORVENIR,60.0,1.0,POINT (-78.98150087900001 -8.087513195999975)
273,684.0,ELECTRONORTE,CAYALTI,60.0,S.E. CAYALTI,7.0,1.0,POINT (-79.56561499999998 -6.88409200000001)
274,685.0,REP,JUANJUI,138.0,S.E. JUANJUI,7.0,1.0,POINT (-76.75277 -7.1668149999999855)
275,686.0,HIDRANDINA,TAYABAMBA,138.0,S.E. TAYABAMBA,7.0,1.0,POINT (-77.30318798000002 -8.271006874000022)
276,687.0,HIDRANDINA,PALLASCA,60.0,S.E. PALLASCA,9.0,1.0,POINT (-78.00077499999998 -8.252918000000022)
277,688.0,MINERA BARRICK,ALTO CHICAMA,138.0,S.E. ALTO CHICAMA,24.0,2.0,POINT (-78.240429 -7.958119000000011)
278,689.0,HIDRANDINA,SAN MARCOS,60.0,S.E. SAN MARCOS,3.0,1.0,POINT (-78.14987000000002 -7.360181000000011)
279,690.0,ELECTRO ORIENTE,TARAPOTO,138.0,S.E. TARAPOTO,25.0,1.0,POINT (-76.35744799999998 -6.491248999999982)
280,691.0,ELECTRONORTE,TUMAN,60.0,S.E. TUMAN,7.0,1.0,POINT (-79.70516700000002 -6.756411000000014)
281,692.0,HIDRANDINA,LA MORENA,60.0,S.E. LA MORENA,7.0,1.0,POINT (-77.63474500000001 -7.721748999999988)
282,693.0,HIDRANDINA,CHILETE,60.0,S.E. CHILETE,7.0,1.0,POINT (-78.82617025100001 -7.2275018180000075)
283,694.0,HIDRANDINA,CAJABAMBA,60.0,S.E. CAJABAMBA,7.0,1.0,POINT (-78.040749 -7.618844000000024)
284,695.0,HIDRANDINA,MOTIL,138.0,S.E. MOTIL,13.4,1.0,POINT (-78.50133899999997 -7.999029000000007)
285,696.0,HIDRANDINA,STGO DE CAO,138.0,S.E. STGO DE CAO,37.5,1.0,POINT (-79.24968750800002 -7.955090686999995)
286,697.0,MINERA YANACOCHA,LA PAJUELA,60.0,S.E. LA PAJUELA,66.0,2.0,POINT (-78.55181199999998 -6.99702400000001)
287,698.0,MINERA YANACOCHA,GOLD MILL,220.0,S.E. GOLD MILL,80.0,2.0,POINT (-78.54739556200002 -6.9923019679999925)
288,699.0,TRANSMISORA,TEMBLADERA,60.0,S.E. TEMBLADERA,3.0,1.0,POINT (-79.12189296499997 -7.251712924000003)
289,700.0,ELECTRO ORIENTE,MOYOBAMBA,138.0,S.E. MOYOBAMBA,15.0,1.0,POINT (-76.973544 -6.047087999999974)
290,701.0,ELECTRO ORIENTE,GERA,60.0,S.E. GERA,10.0,1.0,POINT (-76.88054299999999 -6.107783999999981)
291,702.0,HIDRANDINA,CELENDIN,60.0,S.E. CELENDIN,7.0,1.0,POINT (-78.15280100000001 -6.877005999999994)
292,703.0,ELECTRONORTE,POMALCA,60.0,S.E. POMALCA,7.0,1.0,POINT (-79.771163 -6.763759999999991)
293,704.0,ELECTRO ORIENTE,BAGUA CHICA,60.0,S.E. BAGUA CHICA,9.0,1.0,POINT (-78.53685096999999 -5.630583893999983)
294,705.0,ELECTRO ORIENTE,JAEN,60.0,S.E. JAEN,20.0,1.0,POINT (-78.80444299999999 -5.692911999999978)
295,706.0,ELECTRONORTE,LAMBAYEQUE,60.0,S.E. LAMBAYEQUE,9.0,1.0,POINT (-79.896025436 -6.704508573999988)
296,707.0,PROYECTO ESPECIAL OLMOS,ILLIMO,60.0,S.E. ILLIMO,6.5,1.0,POINT (-79.85468900000001 -6.476754000000028)
297,708.0,ELECTRONORTE,MOTUPE,60.0,S.E. MOTUPE,9.0,1.0,POINT (-79.71645285800003 -6.147168409000017)
298,709.0,PROYECTO ESPECIAL OLMOS,LA VIÑA,60.0,S.E. LA VIÑA,6.5,1.0,POINT (-79.75983100000002 -6.3127190000000155)
299,710.0,PROYECTO ESPECIAL OLMOS,OCCIDENTE,60.0,S.E. OCCIDENTE,7.0,1.0,POINT (-79.53422599999999 -5.919034000000011)
300,711.0,ELECTRONORTE,OLMOS,60.0,S.E. OLMOS,7.0,1.0,POINT (-79.69187899999997 -6.00051400000001)
301,712.0,ELECTRONOROESTE,LOMAS LARGA,60.0,S.E. LOMAS LARGA,9.0,1.0,POINT (-79.65475655099999 -5.41706909200002)
302,713.0,ELECTRONOROESTE,MORROPON,60.0,S.E. MORROPON,7.0,1.0,POINT (-79.99118336100003 -5.189374860999976)
303,714.0,ELECTRONOROESTE,CHULUCANAS,60.0,S.E. CHULUCANAS,23.0,2.0,POINT (-80.17355603599998 -5.141648982999982)
304,715.0,TRANSMANTARO,BAYOBAR,138.0,S.E. BAYOBAR,50.0,2.0,POINT (-80.83172045100002 -6.021200739999983)
305,716.0,ELECTRONOROESTE,LOS EJIDOS,60.0,S.E. LOS EJIDOS,18.0,1.0,POINT (-80.61215399999998 -5.160781999999983)
306,717.0,ELECTRO ORIENTE,NUEVA CAJAMARCA,60.0,S.E. NUEVA CAJAMARCA,10.0,1.0,POINT (-77.30750047599997 -5.9307554779999805)
307,718.0,ELECTRO ORIENTE,RIOJA 1,60.0,S.E. RIOJA 1,8.0,2.0,POINT (-77.160892579 -6.054866054000001)
308,719.0,ELECTRONOROESTE,LA UNION,60.0,S.E. LA UNION,9.0,1.0,POINT (-80.76224903999997 -5.403319977000024)
309,720.0,ELECTRONOROESTE,LA HUACA,60.0,S.E. LA HUACA,30.0,2.0,POINT (-80.97986600000002 -4.9358609999999885)
310,721.0,ELECTRONOROESTE,CONSTANTE,60.0,S.E. CONSTANTE,9.0,1.0,POINT (-80.83129901000001 -5.700063010000008)
311,722.0,ELECTRONOROESTE,MANCORA,60.0,S.E. MANCORA,5.0,1.0,POINT (-81.04370734499997 -4.108255600999996)
312,723.0,ELECTRONOROESTE,TUMBES,60.0,S.E. TUMBES,30.0,1.0,POINT (-80.44817326700002 -3.575935199000014)
313,724.0,ELECTRONOROESTE,ZARUMILLA,60.0,S.E. ZARUMILLA,10.0,1.0,POINT (-80.28004955300003 -3.5106895210000175)
314,725.0,ELECTRONORTE,LAMBAYEQUE SUR,60.0,S.E. LAMBAYEQUE SUR,25.0,1.0,POINT (-79.89606594899999 -6.731562415999974)
315,726.0,SOUTHERN,PUSH BACK,138.0,S.E. PUSH BACK,42.0,2.0,POINT (-70.62648200000001 -17.231577000000016)
316,727.0,ELECTRONOROESTE,SECHURA,60.0,S.E. SECHURA,7.0,1.0,POINT (-80.81557199999997 -5.5558770000000095)
317,728.0,ELECTRO PUNO,HUANCANE,60.0,S.E. HUANCANE,5.0,1.0,POINT (-69.75385299999999 -15.198194999999998)
318,729.0,ELECTROCENTRO,MACHAGUAY,60.0,S.E. MACHAGUAY,3.0,1.0,POINT (-74.37954503700001 -12.593736965000005)
319,730.0,ELECTROSUR,POLOBAYA,33.0,S.E. POLOBAYA,2.0,1.0,POINT (-71.34077300000001 -16.556872)
320,731.0,SN POWER PERU,HUICRA,60.0,S.E. HUICRA,0.0,0.0,POINT (-76.29230261700002 -10.647377738999978)
321,732.0,ELECTRO DUNAS,PISCO,60.0,S.E. PISCO,8.4,1.0,POINT (-76.211849798 -13.69947627099998)
322,733.0,SN POWER PERU,VISTA ALEGRE,60.0,S.E. VISTA ALEGRE,0.0,0.0,POINT (-76.27680580399999 -10.719852182000011)
323,734.0,SN POWER PERU,BUENA VISTA,60.0,S.E. BUENA VISTA,0.0,0.0,POINT (-76.260430848 -10.758782345999975)
324,735.0,SN POWER PERU,SHELBY,60.0,S.E. SHELBY,1.0,1.0,POINT (-76.22927801899999 -10.824355018000006)
325,736.0,ELECTROCENTRO,HUANCAYO ESTE,60.0,S.E. HUANCAYO ESTE,10.0,1.0,POINT (-75.18668200500002 -12.047906101000024)
326,737.0,ELECTROCENTRO,CONCEPCION,60.0,S.E. CONCEPCION,10.0,1.0,POINT (-75.31489853900001 -11.93501336700001)
327,738.0,SOUTHERN,REFINERIA,138.0,S.E. REFINERIA,70.0,2.0,POINT (-71.35164700000001 -17.580129999999997)
328,739.0,ELECTRO ORIENTE,BAGUA,60.0,S.E. BAGUA,9.0,1.0,POINT (-78.52345200000002 -5.489051000000018)
329,740.0,EDELNOR,ANCON,60.0,S.E. ANCON,12.0,2.0,POINT (-77.16821599999997 -11.773531999999989)
330,741.0,REFINERIA LA PAMPILLA,LA PAMPILLA,60.0,S.E. LA PAMPILLA,23.0,2.0,POINT (-77.129726 -11.919407999999976)
331,742.0,EDELNOR,TOMAS VALLE,60.0,S.E. TOMAS VALLE,75.0,3.0,POINT (-77.097284 -12.01436000000001)
332,743.0,EDELNOR,CAUDIVILLA,60.0,S.E. CAUDIVILLA,50.0,2.0,POINT (-77.04220500000002 -11.891332999999975)
333,744.0,EDELNOR,PUENTE PIEDRA,60.0,S.E. PUENTE PIEDRA,50.0,2.0,POINT (-77.06844799999999 -11.869028000000014)
334,745.0,EDELNOR,SANTA MARINA,60.0,S.E. SANTA MARINA,50.0,2.0,POINT (-77.13303000000002 -12.055386999999996)
335,746.0,EDELNOR,PANDO,60.0,S.E. PANDO,75.0,3.0,POINT (-77.06307399999997 -12.062296000000003)
336,747.0,EDELNOR,NARANJAL,60.0,S.E. NARANJAL,75.0,3.0,POINT (-77.06313999999998 -11.970011999999997)
337,748.0,EDELNOR,INDUSTRIAL,60.0,S.E. INDUSTRIAL,65.0,2.0,POINT (-77.08892400000002 -12.047888)
338,749.0,LUZ DEL SUR,BARRANCO,60.0,S.E. BARRANCO,50.0,2.0,POINT (-77.01520900000003 -12.146428000000014)
339,750.0,LUZ DEL SUR,CHORRILLOS,60.0,S.E. CHORRILLOS,50.0,2.0,POINT (-77.00165399999997 -12.194289000000026)
340,751.0,LUZ DEL SUR,PACHACAMAC,60.0,S.E. PACHACAMAC,25.0,1.0,POINT (-76.92262899999997 -12.226170000000025)
341,752.0,AUTORIDAD TREN ELECTRICO,GRAU,60.0,S.E. GRAU,40.0,2.0,POINT (-77.01448599999998 -12.057189999999991)
342,753.0,LUZ DEL SUR,LA PLANICIE,60.0,S.E. LA PLANICIE,42.0,2.0,POINT (-76.925521 -12.085379999999986)
343,754.0,LUZ DEL SUR,INGENIEROS,60.0,S.E. INGENIEROS,145.0,2.0,POINT (-76.94776999999999 -12.057227000000012)
344,755.0,ELECTROCENTRO,CHALA NUEVA,33.0,S.E. CHALA NUEVA,1.0,1.0,POINT (-75.46244300000001 -12.06189599999999)
345,756.0,ELECTROCENTRO,CHUPACA,33.0,S.E. CHUPACA,5.0,1.0,POINT (-75.28331700000001 -12.052992000000017)
346,757.0,HIDRANDINA,PACASMAYO,60.0,S.E. PACASMAYO,25.0,1.0,POINT (-79.55103100000002 -7.412127999999996)
347,758.0,SN POWER,CONCENTRADORA MOROCOCHA,60.0,S.E. CONCENTRADORA MOROCOCHA,4.0,1.0,POINT (-76.14436 -11.59876300000002)
348,759.0,SN POWER,MOROCOCHA,60.0,S.E. MOROCOCHA,6.0,1.0,POINT (-76.13780600000001 -11.600472000000025)
349,760.0,SN POWER,CARLOS FRANCISCO,60.0,S.E. CARLOS FRANCISCO,0.0,0.0,POINT (-76.23395422300001 -11.650092586000028)
350,761.0,SN POWER,CASA COMPRESORA,60.0,S.E. CASA COMPRESORA,5.0,1.0,POINT (-76.234305 -11.64776599999999)
351,762.0,LUZ DEL SUR,SURCO,60.0,S.E. SURCO,0.0,0.0,POINT (-76.455036 -11.887481999999977)
352,763.0,COELVISAC,VILLACURI,60.0,S.E. VILLACURI,55.0,2.0,POINT (-75.91001299999999 -13.905721000000028)
353,764.0,BUENAVENTURA,HUANCARAMA,60.0,S.E. HUANCARAMA,0.0,0.0,POINT (-72.28652 -15.206819999999993)
354,765.0,MINERA ANTAMINA,09 DE OCTUBRE,60.0,S.E. 09 DE OCTUBRE,0.0,0.0,POINT (-78.14191599999998 -10.114803999999992)
355,766.0,ELN,CHICLAYO OESTE,60.0,S.E. CHICLAYO OESTE,265.0,6.0,POINT (-79.87069182699997 -6.781473203000019)
356,767.0,EGENOR,C.H. CARHUAQUERO,220.0,S.E. C.H. CARHUAQUERO,35.0,1.0,POINT (-79.24630822400002 -6.606725071000028)
357,768.0,CMP,GUADALUPE,60.0,S.E. GUADALUPE,110.0,3.0,POINT (-79.45858903999999 -7.306316562999996)
358,769.0,LUZ DEL SUR,GALVEZ,60.0,S.E. GALVEZ,75.0,3.0,POINT (-77.03212414799998 -12.06330277799998)
359,770.0,LUZ DEL SUR,SAN BARTOLO,60.0,S.E. SAN BARTOLO,24.0,1.0,POINT (-76.772541015 -12.383769180999991)
360,771.0,LUZ DEL SUR,LURIN,60.0,S.E. LURIN,67.0,2.0,POINT (-76.88415347900002 -12.261476433999974)
361,772.0,LUZ DEL SUR,CHILCA LDS,60.0,S.E. CHILCA 60kV,145.0,2.0,POINT (-76.728025 -12.496136999999976)
362,773.0,LUZ DEL SUR,BUJAMA,60.0,S.E. BUJAMA,25.0,2.0,POINT (-76.60844900000001 -12.714540999999997)
363,774.0,ELECTROSUR,TACNA,60.0,S.E. TACNA,35.0,2.0,POINT (-70.27161156800003 -18.025368671000024)
364,775.0,EGESUR,SARITA,60.0,S.E. SARITA,2.0,1.0,POINT (-70.356754932 -17.39839275899999)
365,776.0,ELECTRO UCAYALI,PUCALLPA,60.0,S.E. PUCALLPA,40.0,2.0,POINT (-74.54855300000003 -8.385152000000005)
366,777.0,EDELNOR,ZARATE,60.0,S.E. ZARATE,0.0,1.0,POINT (-76.99231400000002 -12.017593999999974)
367,778.0,EDELNOR,CANTO GRANDE,60.0,S.E. CANTO GRANDE,75.0,3.0,POINT (-77.01395100000002 -11.98157500000002)
368,779.0,EDELNOR,JICAMARCA,60.0,S.E. JICAMARCA,75.0,3.0,POINT (-76.96781700000003 -11.930571999999984)
369,780.0,YURA,YURA 0,138.0,S.E. YURA 0,36.0,1.0,POINT (-71.68660399999999 -16.258860000000027)
370,781.0,YURA,YURA1,33.0,S.E. YURA1,18.0,1.0,POINT (-71.68325399999998 -16.254179000000022)
371,782.0,EEP,TALARA,33.0,S.E. TALARA,26.0,2.0,POINT (-81.26409961799999 -4.538058944999989)
372,783.0,ELECTRONOROESTE,DESCARGA DE CAMIONES,60.0,S.E. DESCARGA DE CAMIONES,14.0,1.0,POINT (-81.02743908000002 -5.844150322000019)
373,784.0,ELECTRONOROESTE,TEXTIL PIURA,60.0,S.E. TEXTIL PIURA,10.0,1.0,POINT (-80.63872600000002 -5.188140999999973)
374,785.0,COMPANIA TRANSMISORA NORPERUANA,CERRO CORONA,220.0,S.E. CERRO CORONA,79.0,3.0,POINT (-78.630067016 -6.769942747000016)
375,786.0,ELECTROCENTRO,PAMPAS,60.0,S.E. PAMPAS,7.0,1.0,POINT (-74.89480429399998 -12.408965792999993)
376,787.0,ELECTROPERU,TABLACHACA,33.0,S.E. TABLACHACA,3.0,2.0,POINT (-74.78821099999999 -12.462935000000016)
377,788.0,ELECTROPERU,HUANCAYOCCASA,33.0,S.E. HUANCAYOCCASA,1.0,1.0,POINT (-74.70823999999999 -12.377016000000026)
378,789.0,DOE RUN,DOE RUN,60.0,S.E. DOE RUN,21.5,3.0,POINT (-75.896787604 -11.523801509000009)
379,790.0,DOE RUN,PLANTA DE ZINC,60.0,S.E. PLANTA DE ZINC,9.0,3.0,POINT (-75.89612399999999 -11.528044000000023)
380,791.0,ISA PERU,OROYA NUEVA,220.0,S.E. OROYA NUEVA,200.0,4.0,POINT (-75.91815600000001 -11.532286)
381,792.0,SN POWER,SAN CRISTOBAL,60.0,S.E. SAN CRISTOBAL,5.0,2.0,POINT (-76.05783500000001 -11.738239000000021)
382,793.0,ELECTROCENTRO,ANDAYCHAGUA,60.0,S.E. ANDAYCHAGUA,2.0,1.0,POINT (-76.01462979399997 -11.744027447999997)
383,794.0,SN POWER PERU,MARH TUNEL,60.0,S.E. MARH TUNEL,6.0,1.0,POINT (-76.05610200000001 -11.632090000000005)
384,795.0,MINERA ATACOCHA,ATACOCHA,60.0,S.E. ATACOCHA,8.0,4.0,POINT (-76.21562399999999 -10.578499000000022)
385,796.0,SN POWER PERU,ALAMBROM,60.0,S.E. ALAMBROM,14.0,2.0,POINT (-75.924306 -11.534257000000025)
386,797.0,EDELNOR,CHAVARRIA,60.0,S.E. CHAVARRIA,100.0,1.0,POINT (-77.06556411999998 -11.997812610999972)
387,798.0,EDELNOR,UNI,60.0,S.E. UNI,40.0,1.0,POINT (-77.04657578000001 -12.028038836999997)
388,799.0,ELECTRO SUR ESTE,QUILLABAMBA,60.0,S.E. QUILLABAMBA,7.0,1.0,POINT (-72.69252599999999 -12.880655999999988)
389,800.0,ELECTRO SUR ESTE,URUBAMBA,60.0,S.E. URUBAMBA,3.0,2.0,POINT (-72.11011625499998 -13.315168938999989)
390,801.0,ELECTRO SUR ESTE,HUARO,33.0,S.E. HUARO,4.0,1.0,POINT (-71.63861000000003 -13.687139000000002)
391,802.0,LUZ DEL SUR,INDUSTRIALES,220.0,S.E. INDUSTRIALES,100.0,3.0,POINT (-76.968374095 -12.055830931999992)
392,803.0,TESUR,TINTAYA NUEVA,220.0,S.E. TINTAYA NUEVA,0.0,0.0,POINT (-71.31105579199999 -14.897300013000006)
393,804.0,CHAVIMOCHIC,CHAO,60.0,S.E. CHAO,12.0,1.0,POINT (-78.68097599999999 -8.528629000000024)
394,805.0,HIDRANDINA,VIRU,60.0,S.E. VIRU,20.0,1.0,POINT (-78.77794899999998 -8.422668999999985)
395,806.0,HIDRANDINA,MOCHE,33.0,S.E. MOCHE,3.0,1.0,POINT (-79.00529639400003 -8.170505822999985)
396,807.0,HIDRANDINA,SALAVERRY,33.0,S.E. SALAVERRY,3.0,1.0,POINT (-78.97901200000001 -8.216272000000004)
397,808.0,REP,SAN JUAN,220.0,S.E. SAN JUAN,410.0,3.0,POINT (-76.973369263 -12.177475430000015)
398,809.0,REP,TRUJILLO NORTE,138.0,S.E. TRUJILLO NORTE_138,345.0,5.0,POINT (-79.05541778000003 -8.046447453999974)
399,810.0,MINERA MILPO,CERRO LINDO,60.0,S.E. CERRO LINDO,30.0,2.0,POINT (-75.99128400000001 -13.087737000000004)
400,811.0,ELECTRO PUNO,BELLAVISTA,60.0,S.E. BELLAVISTA,12.0,2.0,POINT (-70.02649600000001 -15.832559000000003)
401,812.0,SEAL,CHILINA,33.0,S.E. CHILINA,32.5,2.0,POINT (-71.53425199999998 -16.383118000000024)
402,813.0,EGESUR,INDEPENDENCIA,60.0,S.E. INDEPENDENCIA,100.0,2.0,POINT (-75.968514346 -13.716216676999977)
403,814.0,TRANSMANTARO,CARABAYLLO,500.0,S.E. CARABAYLLO TSM,1200.0,2.0,POINT (-76.962284571 -11.795979752999983)
404,815.0,EDELNOR,CHILLON,60.0,S.E. CHILLON,240.0,2.0,POINT (-77.11697199999998 -11.93144000000001)
405,816.0,REP,CHILCA REP,220.0,S.E. CHILCA 220 kV,600.0,1.0,POINT (-76.72623406100001 -12.497276371999988)
406,817.0,ELECTRO PUNO,ANTAUTA,60.0,S.E. ANTAUTA,6.0,1.0,POINT (-70.30069846700002 -14.300222926999993)
407,818.0,COBRA-ENERSA,REQUE,220.0,S.E. REQUE,0.0,0.0,POINT (-79.79326396599998 -6.86244581699998)
408,819.0,SEAL,CORIRE,60.0,S.E CORIRE,4.0,1.0,POINT (-72.452347196 -16.28165149199998)
409,820.0,ABENGOA,SAN JOSE,500.0,S.E SAN JOSE,1200.0,2.0,POINT (-71.80843020600003 -16.676573459999986)
410,821.0,CERRO VERDE,SAN LUIS,220.0,S.E SAN LUIS,450.0,3.0,POINT (-71.58734978400003 -16.560392494999974)
411,822.0,CERRO VERDE,SAN CARLOS,220.0,S.E. SAN CARLOS,300.0,2.0,POINT (-71.58930108599998 -16.554687058000013)
412,823.0,PANAMERICA SOLAR,ILO 3,138.0,S.E. ILO 3,400.0,2.0,POINT (-71.123122298 -17.57650000000001)
413,824.0,SOUTHERN PERÚ,QUEBRADA HONDA,138.0,S.E. QUEBRADA HONDA,10.0,1.0,POINT (-70.83453987000001 -17.411142487000006)
414,825.0,EEP,REFINERIA,33.0,S.E. REFINERIA,90.0,2.0,POINT (-81.28329300000001 -4.576997000000006)
415,826.0,REP,PARIÑAS,220.0,S.E. PARIÑAS,0.0,0.0,POINT (-81.17586645400002 -4.587437625999996)
416,827.0,HIDRANDINA,LA FLORIDA,33.0,S.E. LA FLORIDA,3.0,1.0,POINT (-78.54318834200001 -7.994537978999972)
417,828.0,HIDRANDINA,OTUZCO,33.0,S.E. OTUZCO,1.4,2.0,POINT (-78.55962217000001 -7.9110525859999825)
418,829.0,HIDRANDINA,CHARAT,33.0,S.E. CHARAT,3.0,1.0,POINT (-78.44846836300002 -7.8220629119999785)
419,830.0,LAS BAMBAS,LAS BAMBAS,220.0,S.E. LAS BAMBAS,375.0,3.0,POINT (-72.33662274 -14.088545703000023)
420,831.0,,SELENE,60.0,S.E. SELENE,10.0,1.0,POINT (-73.14973634799998 -14.649215837999975)
421,832.0,CONSORCIO TRANSMANTARO,SURIRAY,220.0,S.E. SURIRAY,225.0,1.0,POINT (-72.60516735200002 -13.146135712999978)
422,833.0,TRANSMANTARO,ABANCAY NUEVA,220.0,S.E. NUEVA ABANCAY,120.0,1.0,POINT (-72.83715625899998 -13.544643722999979)
423,834.0,ABENGOA,CONSTANCIA,220.0,S.E. COSNTANCIA,250.0,2.0,POINT (-71.78589323099999 -14.467328846999976)
424,835.0,EDELNOR,LOMERA,60.0,S.E. LOMERA,50.0,1.0,POINT (-77.27468538199997 -11.433393430000024)
425,836.0,ELECTRO SUR ESTE,COTARUSE NUEVA,60.0,S.E. COTARUSE,35.0,1.0,POINT (-73.301751335 -14.533773772000018)
426,837.0,EDELNOR,MIRADOR,220.0,S.E. MIRADOR,120.0,1.0,POINT (-76.96316203100002 -11.901940517000014)
427,838.0,EGEHUANZA,HUANZA,220.0,S.E. HUANZA,112.5,1.0,POINT (-76.48414300000002 -11.657635000000028)
428,839.0,MINERA TOROMOCHO,TOROMOCHO,220.0,S.E. TOROMOCHO,330.0,3.0,POINT (-76.14562009299999 -11.66576382300002)
429,840.0,ABENGOA ATS,MONTALVO,220.0,S.E. MONTALVO,750.0,1.0,POINT (-70.99812186700001 -17.190910095999982)
430,841.0,ENERSUR,MOQUEGUA,138.0,S.E. MOQUEGUA,600.0,2.0,POINT (-70.96622498300002 -17.215906913000026)
431,842.0,ELECTROSUR,CALANA,60.0,S.E. CALANA,5.0,1.0,POINT (-70.20559300000002 -17.985652000000016)
432,843.0,ABENGOA ATS,MONTALVO,500.0,S.E. MONTALVO,750.0,1.0,POINT (-70.99915346699999 -17.189698179999993)
433,844.0,RDS,PUNO,138.0,S.E. PUNO,185.0,3.0,POINT (-70.05136424400001 -15.831074870000009)
434,845.0,ELECTRO PUNO,CARACOTO,60.0,S.E. CARACOTO,75.0,1.0,POINT (-70.09589819299998 -15.568809402)
435,846.0,ELECTRO PUNO,AZANGARO,60.0,S.E. AZANGARO,59.5,2.0,POINT (-70.20483125800001 -14.913922302000003)
436,847.0,REP,AZANGARO,138.0,S.E. AZANGARO,59.5,2.0,POINT (-70.20581268299998 -14.91373067699999)
437,848.0,REP,TINTAYA,220.0,S.E. TINTAYA,150.0,1.0,POINT (-71.31359530999998 -14.881110080999974)
438,849.0,SEA,MOLLENDO,33.0,S.E. MOLLENDO,25.0,1.0,POINT (-71.99601054700003 -17.025664819999974)
439,850.0,TRANSMANTARO,SOCABAYA,220.0,S.E. SOCABAYA,300.0,2.0,POINT (-71.51833585399999 -16.476087181000025)
440,851.0,MINERA CERRO VERDE,SOCABAYA,138.0,S.E. SOCABAYA,120.0,2.0,POINT (-71.51626784500002 -16.473746112000015)
441,852.0,ABENGOA,SAN JOSE,220.0,S.E SAN JOSE,1200.0,2.0,POINT (-71.807317979 -16.675995186000023)
442,853.0,EGASA,CHARCANI 123,33.0,S.E. CHARCANI I,11.5,1.0,POINT (-71.51985995899997 -16.321182539000006)
443,854.0,EGASA,SANTUARIO,138.0,S.E. SANTUARIO,0.0,0.0,POINT (-71.44523303800003 -16.26278216999998)
444,855.0,REP,CALLALLI,60.0,S.E. CALLALLI,30.0,1.0,POINT (-71.406814113 -15.536197863999973)
445,856.0,EGEMSA,CACHIMAYO,60.0,S.E. CACHIMAYO,66.0,4.0,POINT (-72.07152401500002 -13.47429456399999)
446,857.0,REP,ABANCAY NUEVA,138.0,S.E. NUEVA ABANCAY,120.0,1.0,POINT (-72.837417679 -13.545046633000027)
447,858.0,REP,MARCONA,220.0,S.E. MARCONA,150.0,2.0,POINT (-75.176712742 -15.204754544000025)
448,859.0,SEAL,MARCONA,60.0,S.E. MARCONA,150.0,2.0,POINT (-75.17725226599998 -15.205281582999987)
449,860.0,REP,ICA,60.0,S.E. ICA,100.0,2.0,POINT (-75.692638676 -14.05594483599998)
450,861.0,REP,DESIERTO,60.0,S.E. DESIERTO,50.0,2.0,POINT (-76.17681424300002 -13.265158354999983)
451,862.0,TSM,PIURA OESTE,220.0,S.E. PIURA OESTE,200.0,3.0,POINT (-80.698672611 -5.168214764000027)
452,863.0,ENO,PIURA OESTE,60.0,S.E. PIURA OESTE,200.0,3.0,POINT (-80.69874008800002 -5.168748596)
453,864.0,TRANSMANTARO,LA NIÑA,220.0,S.E. NINA,672.0,1.0,POINT (-80.53093922099998 -5.926786967999988)
454,865.0,EOL,GUADALUPE,220.0,S.E. GUADALUPE,110.0,3.0,POINT (-79.45793729299999 -7.306192696999972)
455,866.0,CONENHUA,CAJAMARCA NORTE,60.0,S.E. CAJAMARCA NORTE,150.0,2.0,POINT (-78.60224111399998 -7.057407072999979)
456,867.0,COMPANIA TRANSMISORA NORPERUANA,CAJAMARCA NORTE,220.0,S.E. CAJAMARCA NORTE,150.0,2.0,POINT (-78.60243540099998 -7.058494214999996)
457,868.0,REP,TRUJILLO NUEVA,220.0,S.E. TRUJILLO NUEVA,750.0,1.0,POINT (-79.022943677 -8.04914465500002)
458,869.0,REP,TRUJILLO NORTE,220.0,S.E. TRUJILLO NORTE,345.0,5.0,POINT (-79.055506606 -8.044863180999982)
459,870.0,ETS,TINGO MARIA,138.0,S.E. TINGO MARIA,100.0,2.0,POINT (-75.99225369599998 -9.289944466999998)
460,871.0,ISA PERU,AGUAYTIA,138.0,S.E. AGUAYTIA,60.0,1.0,POINT (-75.49366974200001 -9.031120890000011)
461,872.0,REP,CHIMBOTE 1,138.0,S.E. CHIMBOTE1,240.0,2.0,POINT (-78.55899437699998 -9.01141179299998)
462,873.0,AIP,PARAMONGA NUEVA,60.0,S.E. PARAMONGA NUEVA_220,95.0,2.0,POINT (-77.742116184 -10.680376883000008)
463,874.0,ETESELVA,PARAMONGA NUEVA,220.0,S.E. PARAMONGA NUEVA_220,95.0,2.0,POINT (-77.74180054599998 -10.679379786000027)
464,875.0,SEPAEX,PARAMONGA EXISTENTE,138.0,S.E. PARAMONGA NUEVA,95.0,2.0,POINT (-77.74231867700001 -10.680424709000022)
465,876.0,EDN,HUACHO,60.0,S.E. HUACHO,80.0,2.0,POINT (-77.51624265100003 -11.11436056399998)
466,877.0,CHV,HUACHO,220.0,S.E. HUACHO_220,80.0,2.0,POINT (-77.51578283200001 -11.114612812000018)
467,878.0,LUZ DEL SUR,BALNEARIOS,60.0,S.E. BALNEARIOS,593.0,6.0,POINT (-76.99507125100001 -12.112223830999994)
468,879.0,EDELNOR,BARSI,220.0,S.E. BARSI,400.0,5.0,POINT (-77.10433595 -12.047894177999979)
469,880.0,CTM,CHILCA CTM,220.0,S.E. CHILCA 220 kV,600.0,1.0,POINT (-76.726129163 -12.495440800999972)
470,881.0,CTM,CHILCA,220.0,S.E. CHILCA,145.0,2.0,POINT (-76.727771862 -12.496387890999983)
471,882.0,SAMAY I S.A.,S.E. PUERTO BRAVO,500.0,PUERTO BRAVO,800.0,3.0,POINT (-71.97743765299998 -17.038317882)
472,883.0,CHEVES S.A.,S.E. CHEVES,220.0,S.E. CHEVES 220kV,208.0,2.0,POINT (-77.008328775 -10.92783665899998)
473,884.0,EGEJUNIN,RUNATULLO III,60.0,S.E. RUNATULLO III,25.0,1.0,POINT (-75.069839984 -11.652859980000017)
474,885.0,EGEJUNIN,RUNATULLO II,60.0,S.E. RUNATULLO II,25.0,1.0,POINT (-75.05920118199998 -11.646011202000011)
475,886.0,ELECTRODUNAS,TAMBO DE MORA,60.0,S.E. TAMBO DE MORA,23.400000000000002,2.0,POINT (-76.18305019799999 -13.449643239000011)
476,887.0,ENERSUR,KIMAN AYLLU,220.0,S.E. KIMAN AYLLU,118.0,2.0,POINT (-77.872519367 -8.77518861499999)
477,888.0,ENERSUR,QUITARACSA I,220.0,S.E. QUITARACSA I,140.0,2.0,POINT (-77.824822369 -8.776137145999996)
478,889.0,ET,CEMENTOS PIURA,220.0,S.E. CEMENTOS PIURA,200.0,3.0,POINT (-80.69912972899999 -5.142295998999998)
479,890.0,ETG,PIURA OESTE,220.0,S.E. PIURA OESTE - ETG,200.0,3.0,POINT (-80.698672611 -5.168214764000027)
480,891.0,ETEN,ETEN,220.0,S.E. ETEN,230.0,1.0,POINT (-79.78925898300002 -6.884990680999977)
481,892.0,VOLCAN,POMACOCHA - VOLCAN,60.0,S.E. POMACOCHA - VOLCAN,50.0,1.0,POINT (-76.13238777100003 -11.733883967999986)
482,893.0,REP,PARAMONGA NUEVA,220.0,S.E. PARAMONGA NUEVA -  REP,95.0,2.0,POINT (-77.74184326800003 -10.680332349000025)
483,894.0,REP,POMACOCHA,220.0,S.E. POMACOCHA_,50.0,1.0,POINT (-76.132271318 -11.733959793999986)
484,895.0,ENERSUR,BOTIFLACA,138.0,S.E. BOTIFLACA,116.0,2.0,POINT (-70.76789940600003 -17.061568212999987)
485,896.0,SOUTHERN,ILO ELECTROSUR,138.0,S.E. ILO ELECTROSUR,50.0,2.0,POINT (-71.309690107 -17.629151880999984)
486,897.0,SOUTHERN,ILO 3,138.0,S.E. ILO 3,400.0,2.0,POINT (-71.12252808199997 -17.576636701999973)
487,898.0,TRANSMANTARO,CHIMBOTE 1,220.0,S.E. CHIMBOTE 1,240.0,2.0,POINT (-78.55673672799998 -9.01085501099999)
488,899.0,COELVISAC,FELAM,220.0,S.E. FELAM,0.0,0.0,POINT (-80.253996287 -6.291544202000011)
489,900.0,COELVISAC,TIERRAS NUEVAS,220.0,S.E. TIERRAS NUEVAS,60.0,1.0,POINT (-80.14639564100003 -6.096736910999994)
490,901.0,REP,AMARILIS,138.0,S.E. AMARILIS,0.0,0.0,POINT (-76.20808054499997 -9.900365360000023)
491,902.0,EMPRESA DE ENERGÍA YAMOBAMBA,LA RAMADA,220.0,S.E. LA RAMADA,40.0,1.0,POINT (-78.15529077500003 -7.917812980999997)
